{
  "n": 1096,
  "rmse": 123428.95949616321,
  "mae": 67853.64614422062,
  "coverage_80": 0.0,
  "mean_interval_width": 55.56316492126061,
  "mean_ess": 299.9267677739709
}