{
  "reported_cases": {
    "rmse": 118676.6158946726,
    "mae": 58112.18402705556,
    "mean_observed": 34907.16427485228,
    "mean_predicted": 64482.967800697734
  },
  "deaths": {
    "rmse": 446.940201875713,
    "mae": 237.44019096507415,
    "mean_observed": 157.45333029197084,
    "mean_predicted": 246.10090190897088
  },
  "icu_occupancy": {
    "rmse": 5041.95365478733,
    "mae": 2781.8432898915685,
    "mean_observed": 1860.3676377302747,
    "mean_predicted": 3082.705754425997
  },
  "hospitalization_proxy": {
    "rmse": 19051.73411772316,
    "mae": 9270.000963071063,
    "mean_observed": 8313.664903917772,
    "mean_predicted": 11330.202334984784
  },
  "mean_ess": 250.0000000000001
}