{
  "cases": {
    "rmse": 3347.7768290755107,
    "mae": 1736.4623249846281,
    "coverage_80pct": 0.949343339587242,
    "mean_obs": 35758.52601003081,
    "n": 1066
  },
  "icu": {
    "rmse": 628.3644947025333,
    "mae": 334.93488640122945,
    "coverage_80pct": 0.700750469043152,
    "mean_obs": 1885.9733315465023,
    "n": 1066
  },
  "deaths": {
    "rmse": 84.42466204134699,
    "mae": 56.54329384281274,
    "coverage_80pct": 0.2767354596622889,
    "mean_obs": 156.40293040293042,
    "n": 1066
  },
  "hosp": {
    "rmse": 3122.8164161792133,
    "mae": 1987.1019525196482,
    "coverage_80pct": 0.6299452221545953,
    "mean_obs": 7840.169074324799,
    "n": 1643
  },
  "mean_ess": 1259.234517050762,
  "n_particles": 2000,
  "burn_in_days": 30
}